"difficulty","teamID","kickoff_time","teamName"
"4","1","Sun Sep 01 11:30:00 EDT 2019","Arsenal"
"2","1","Sun Sep 22 11:30:00 EDT 2019","Arsenal"
"2","1","Sun Oct 06 11:30:00 EDT 2019","Arsenal"
"3","1","Sun Oct 27 12:30:00 EDT 2019","Arsenal"
"3","1","Sat Nov 02 11:00:00 EDT 2019","Arsenal"
"2","1","Sat Nov 23 10:00:00 EST 2019","Arsenal"
"2","1","Tue Dec 03 14:45:00 EST 2019","Arsenal"
"4","1","Sat Dec 14 10:00:00 EST 2019","Arsenal"
"4","1","Sat Dec 28 10:00:00 EST 2019","Arsenal"
"4","1","Wed Jan 01 10:00:00 EST 2020","Arsenal"
"2","1","Sat Jan 18 10:00:00 EST 2020","Arsenal"
"2","1","Sat Feb 08 10:00:00 EST 2020","Arsenal"
"2","1","Sat Feb 22 10:00:00 EST 2020","Arsenal"
"2","1","Sat Mar 07 10:00:00 EST 2020","Arsenal"
"2","1","Sat Apr 04 10:00:00 EDT 2020","Arsenal"
"3","1","Sat Apr 18 10:00:00 EDT 2020","Arsenal"
"4","1","Sat May 02 10:00:00 EDT 2020","Arsenal"
"3","1","Sun May 17 10:00:00 EDT 2020","Arsenal"
"5","1","Sat Aug 24 12:30:00 EDT 2019","Arsenal"
"3","1","Sun Sep 15 11:30:00 EDT 2019","Arsenal"
"4","1","Mon Sep 30 15:00:00 EDT 2019","Arsenal"
"2","1","Mon Oct 21 15:00:00 EDT 2019","Arsenal"
"3","1","Sun Nov 10 10:00:00 EST 2019","Arsenal"
"2","1","Sun Dec 01 10:00:00 EST 2019","Arsenal"
"3","1","Sat Dec 07 10:00:00 EST 2019","Arsenal"
"4","1","Sat Dec 21 10:00:00 EST 2019","Arsenal"
"3","1","Thu Dec 26 10:00:00 EST 2019","Arsenal"
"2","1","Sat Jan 11 10:00:00 EST 2020","Arsenal"
"4","1","Wed Jan 22 14:45:00 EST 2020","Arsenal"
"2","1","Sat Feb 01 10:00:00 EST 2020","Arsenal"
"5","1","Sat Feb 29 10:00:00 EST 2020","Arsenal"
"2","1","Sat Mar 14 11:00:00 EDT 2020","Arsenal"
"2","1","Sat Mar 21 11:00:00 EDT 2020","Arsenal"
"3","1","Sat Apr 11 10:00:00 EDT 2020","Arsenal"
"4","1","Sat Apr 25 10:00:00 EDT 2020","Arsenal"
"2","1","Sat May 09 10:00:00 EDT 2020","Arsenal"
"2","2","Fri Aug 23 15:00:00 EDT 2019","Aston Villa"
"2","2","Mon Sep 16 15:00:00 EDT 2019","Aston Villa"
"2","2","Sat Sep 28 10:00:00 EDT 2019","Aston Villa"
"2","2","Sat Oct 19 10:00:00 EDT 2019","Aston Villa"
"4","2","Sat Nov 02 11:00:00 EDT 2019","Aston Villa"
"2","2","Sat Nov 23 10:00:00 EST 2019","Aston Villa"
"3","2","Sat Dec 07 10:00:00 EST 2019","Aston Villa"
"2","2","Sat Dec 21 10:00:00 EST 2019","Aston Villa"
"2","2","Thu Dec 26 10:00:00 EST 2019","Aston Villa"
"4","2","Sat Jan 11 10:00:00 EST 2020","Aston Villa"
"3","2","Tue Jan 21 14:45:00 EST 2020","Aston Villa"
"4","2","Sat Feb 08 10:00:00 EST 2020","Aston Villa"
"2","2","Sat Feb 29 10:00:00 EST 2020","Aston Villa"
"4","2","Sat Mar 14 11:00:00 EDT 2020","Aston Villa"
"3","2","Sat Apr 04 10:00:00 EDT 2020","Aston Villa"
"4","2","Sat Apr 18 10:00:00 EDT 2020","Aston Villa"
"3","2","Sat Apr 25 10:00:00 EDT 2020","Aston Villa"
"4","2","Sat May 09 10:00:00 EDT 2020","Aston Villa"
"2","2","Sat Aug 31 10:00:00 EDT 2019","Aston Villa"
"4","2","Sun Sep 22 11:30:00 EDT 2019","Aston Villa"
"2","2","Sat Oct 05 10:00:00 EDT 2019","Aston Villa"
"5","2","Sat Oct 26 07:30:00 EDT 2019","Aston Villa"
"3","2","Sat Nov 09 10:00:00 EST 2019","Aston Villa"
"4","2","Sun Dec 01 10:00:00 EST 2019","Aston Villa"
"4","2","Wed Dec 04 14:45:00 EST 2019","Aston Villa"
"2","2","Sat Dec 14 10:00:00 EST 2019","Aston Villa"
"3","2","Sat Dec 28 10:00:00 EST 2019","Aston Villa"
"2","2","Wed Jan 01 10:00:00 EST 2020","Aston Villa"
"2","2","Sat Jan 18 10:00:00 EST 2020","Aston Villa"
"3","2","Sat Feb 01 10:00:00 EST 2020","Aston Villa"
"2","2","Sat Feb 22 10:00:00 EST 2020","Aston Villa"
"3","2","Sat Mar 07 10:00:00 EST 2020","Aston Villa"
"3","2","Sat Mar 21 11:00:00 EDT 2020","Aston Villa"
"5","2","Sat Apr 11 10:00:00 EDT 2020","Aston Villa"
"4","2","Sat May 02 10:00:00 EDT 2020","Aston Villa"
"3","2","Sun May 17 10:00:00 EDT 2020","Aston Villa"
"4","3","Sun Aug 25 09:00:00 EDT 2019","Bournemouth"
"2","3","Sun Sep 15 09:00:00 EDT 2019","Bournemouth"
"2","3","Sat Sep 28 10:00:00 EDT 2019","Bournemouth"
"2","3","Sat Oct 19 10:00:00 EDT 2019","Bournemouth"
"4","3","Sat Nov 02 11:00:00 EDT 2019","Bournemouth"
"3","3","Sat Nov 23 10:00:00 EST 2019","Bournemouth"
"4","3","Sat Dec 07 10:00:00 EST 2019","Bournemouth"
"2","3","Sat Dec 21 10:00:00 EST 2019","Bournemouth"
"4","3","Thu Dec 26 10:00:00 EST 2019","Bournemouth"
"3","3","Sat Jan 11 10:00:00 EST 2020","Bournemouth"
"2","3","Tue Jan 21 14:45:00 EST 2020","Bournemouth"
"2","3","Sat Feb 01 10:00:00 EST 2020","Bournemouth"
"4","3","Sat Feb 29 10:00:00 EST 2020","Bournemouth"
"3","3","Sat Mar 14 11:00:00 EDT 2020","Bournemouth"
"2","3","Sat Apr 04 10:00:00 EDT 2020","Bournemouth"
"4","3","Sat Apr 18 10:00:00 EDT 2020","Bournemouth"
"3","3","Sat Apr 25 10:00:00 EDT 2020","Bournemouth"
"2","3","Sat May 09 10:00:00 EDT 2020","Bournemouth"
"3","3","Sat Aug 31 10:00:00 EDT 2019","Bournemouth"
"2","3","Fri Sep 20 15:00:00 EDT 2019","Bournemouth"
"4","3","Sun Oct 06 11:30:00 EDT 2019","Bournemouth"
"3","3","Sat Oct 26 10:00:00 EDT 2019","Bournemouth"
"3","3","Sat Nov 09 10:00:00 EST 2019","Bournemouth"
"4","3","Sat Nov 30 10:00:00 EST 2019","Bournemouth"
"2","3","Wed Dec 04 15:00:00 EST 2019","Bournemouth"
"4","3","Sat Dec 14 10:00:00 EST 2019","Bournemouth"
"2","3","Sat Dec 28 10:00:00 EST 2019","Bournemouth"
"3","3","Wed Jan 01 10:00:00 EST 2020","Bournemouth"
"2","3","Sat Jan 18 10:00:00 EST 2020","Bournemouth"
"2","3","Sat Feb 08 10:00:00 EST 2020","Bournemouth"
"2","3","Sat Feb 22 10:00:00 EST 2020","Bournemouth"
"5","3","Sat Mar 07 10:00:00 EST 2020","Bournemouth"
"3","3","Sat Mar 21 11:00:00 EDT 2020","Bournemouth"
"4","3","Sat Apr 11 10:00:00 EDT 2020","Bournemouth"
"5","3","Sat May 02 10:00:00 EDT 2020","Bournemouth"
"4","3","Sun May 17 10:00:00 EDT 2020","Bournemouth"
"2","4","Sat Aug 24 10:00:00 EDT 2019","Brighton"
"2","4","Sat Sep 14 10:00:00 EDT 2019","Brighton"
"4","4","Sat Oct 05 07:30:00 EDT 2019","Brighton"
"2","4","Sat Oct 26 10:00:00 EDT 2019","Brighton"
"2","4","Sat Nov 02 11:00:00 EDT 2019","Brighton"
"3","4","Sat Nov 23 10:00:00 EST 2019","Brighton"
"3","4","Sat Dec 07 10:00:00 EST 2019","Brighton"
"2","4","Sat Dec 21 10:00:00 EST 2019","Brighton"
"2","4","Sat Dec 28 10:00:00 EST 2019","Brighton"
"4","4","Wed Jan 01 10:00:00 EST 2020","Brighton"
"2","4","Sat Jan 18 10:00:00 EST 2020","Brighton"
"3","4","Sat Feb 08 10:00:00 EST 2020","Brighton"
"3","4","Sat Feb 29 10:00:00 EST 2020","Brighton"
"4","4","Sat Mar 14 11:00:00 EDT 2020","Brighton"
"4","4","Sat Apr 04 10:00:00 EDT 2020","Brighton"
"4","4","Sat Apr 18 10:00:00 EDT 2020","Brighton"
"4","4","Sat Apr 25 10:00:00 EDT 2020","Brighton"
"2","4","Sat May 09 10:00:00 EDT 2020","Brighton"
"5","4","Sat Aug 31 10:00:00 EDT 2019","Brighton"
"3","4","Sat Sep 21 12:30:00 EDT 2019","Brighton"
"4","4","Sat Sep 28 10:00:00 EDT 2019","Brighton"
"2","4","Sat Oct 19 10:00:00 EDT 2019","Brighton"
"4","4","Sun Nov 10 10:00:00 EST 2019","Brighton"
"5","4","Sat Nov 30 10:00:00 EST 2019","Brighton"
"4","4","Tue Dec 03 14:45:00 EST 2019","Brighton"
"2","4","Sat Dec 14 10:00:00 EST 2019","Brighton"
"4","4","Thu Dec 26 10:00:00 EST 2019","Brighton"
"4","4","Sat Jan 11 10:00:00 EST 2020","Brighton"
"3","4","Tue Jan 21 14:45:00 EST 2020","Brighton"
"3","4","Sat Feb 01 10:00:00 EST 2020","Brighton"
"2","4","Sat Feb 22 10:00:00 EST 2020","Brighton"
"3","4","Sat Mar 07 10:00:00 EST 2020","Brighton"
"3","4","Sat Mar 21 11:00:00 EDT 2020","Brighton"
"2","4","Sat Apr 11 10:00:00 EDT 2020","Brighton"
"2","4","Sat May 02 10:00:00 EDT 2020","Brighton"
"2","4","Sun May 17 10:00:00 EDT 2020","Brighton"
"4","5","Sat Aug 31 12:30:00 EDT 2019","Burnley"
"2","5","Sat Sep 21 10:00:00 EDT 2019","Burnley"
"2","5","Sat Oct 05 10:00:00 EDT 2019","Burnley"
"4","5","Sat Oct 26 12:30:00 EDT 2019","Burnley"
"2","5","Sat Nov 09 10:00:00 EST 2019","Burnley"
"3","5","Sat Nov 30 10:00:00 EST 2019","Burnley"
"4","5","Tue Dec 03 14:45:00 EST 2019","Burnley"
"2","5","Sat Dec 14 10:00:00 EST 2019","Burnley"
"4","5","Sat Dec 28 10:00:00 EST 2019","Burnley"
"2","5","Wed Jan 01 10:00:00 EST 2020","Burnley"
"3","5","Sat Jan 18 10:00:00 EST 2020","Burnley"
"4","5","Sat Feb 01 10:00:00 EST 2020","Burnley"
"2","5","Sat Feb 22 10:00:00 EST 2020","Burnley"
"4","5","Sat Mar 07 10:00:00 EST 2020","Burnley"
"3","5","Sat Mar 21 11:00:00 EDT 2020","Burnley"
"2","5","Sat Apr 11 10:00:00 EDT 2020","Burnley"
"3","5","Sat May 02 10:00:00 EDT 2020","Burnley"
"2","5","Sun May 17 10:00:00 EDT 2020","Burnley"
"3","5","Sun Aug 25 11:30:00 EDT 2019","Burnley"
"2","5","Sat Sep 14 10:00:00 EDT 2019","Burnley"
"2","5","Sat Sep 28 10:00:00 EDT 2019","Burnley"
"3","5","Sat Oct 19 10:00:00 EDT 2019","Burnley"
"2","5","Sat Nov 02 11:00:00 EDT 2019","Burnley"
"3","5","Sat Nov 23 10:00:00 EST 2019","Burnley"
"4","5","Sat Dec 07 10:00:00 EST 2019","Burnley"
"3","5","Sat Dec 21 10:00:00 EST 2019","Burnley"
"4","5","Thu Dec 26 10:00:00 EST 2019","Burnley"
"4","5","Sat Jan 11 10:00:00 EST 2020","Burnley"
"4","5","Tue Jan 21 15:00:00 EST 2020","Burnley"
"2","5","Sat Feb 08 10:00:00 EST 2020","Burnley"
"3","5","Sat Feb 29 10:00:00 EST 2020","Burnley"
"5","5","Sat Mar 14 11:00:00 EDT 2020","Burnley"
"2","5","Sat Apr 04 10:00:00 EDT 2020","Burnley"
"3","5","Sat Apr 18 10:00:00 EDT 2020","Burnley"
"5","5","Sat Apr 25 10:00:00 EDT 2020","Burnley"
"2","5","Sat May 09 10:00:00 EDT 2020","Burnley"
"2","6","Sat Aug 31 10:00:00 EDT 2019","Chelsea"
"4","6","Sun Sep 22 11:30:00 EDT 2019","Chelsea"
"2","6","Sat Sep 28 10:00:00 EDT 2019","Chelsea"
"2","6","Sat Oct 19 10:00:00 EDT 2019","Chelsea"
"3","6","Sat Nov 09 10:00:00 EST 2019","Chelsea"
"2","6","Sat Nov 30 10:00:00 EST 2019","Chelsea"
"2","6","Wed Dec 04 14:45:00 EST 2019","Chelsea"
"2","6","Sat Dec 14 10:00:00 EST 2019","Chelsea"
"2","6","Thu Dec 26 10:00:00 EST 2019","Chelsea"
"2","6","Sat Jan 11 10:00:00 EST 2020","Chelsea"
"4","6","Wed Jan 22 14:45:00 EST 2020","Chelsea"
"4","6","Sat Feb 08 10:00:00 EST 2020","Chelsea"
"4","6","Sat Feb 22 10:00:00 EST 2020","Chelsea"
"2","6","Sat Mar 07 10:00:00 EST 2020","Chelsea"
"4","6","Sat Mar 21 11:00:00 EDT 2020","Chelsea"
"3","6","Sat Apr 11 10:00:00 EDT 2020","Chelsea"
"2","6","Sat May 02 10:00:00 EDT 2020","Chelsea"
"3","6","Sun May 17 10:00:00 EDT 2020","Chelsea"
"2","6","Sat Aug 24 07:30:00 EDT 2019","Chelsea"
"3","6","Sat Sep 14 10:00:00 EDT 2019","Chelsea"
"2","6","Sun Oct 06 09:00:00 EDT 2019","Chelsea"
"2","6","Sat Oct 26 12:30:00 EDT 2019","Chelsea"
"3","6","Sat Nov 02 11:00:00 EDT 2019","Chelsea"
"5","6","Sat Nov 23 10:00:00 EST 2019","Chelsea"
"4","6","Sat Dec 07 10:00:00 EST 2019","Chelsea"
"4","6","Sat Dec 21 10:00:00 EST 2019","Chelsea"
"4","6","Sat Dec 28 10:00:00 EST 2019","Chelsea"
"2","6","Wed Jan 01 10:00:00 EST 2020","Chelsea"
"3","6","Sat Jan 18 10:00:00 EST 2020","Chelsea"
"3","6","Sat Feb 01 10:00:00 EST 2020","Chelsea"
"3","6","Sat Feb 29 10:00:00 EST 2020","Chelsea"
"2","6","Sat Mar 14 11:00:00 EDT 2020","Chelsea"
"3","6","Sat Apr 04 10:00:00 EDT 2020","Chelsea"
"2","6","Sat Apr 18 10:00:00 EDT 2020","Chelsea"
"2","6","Sat Apr 25 10:00:00 EDT 2020","Chelsea"
"5","6","Sat May 09 10:00:00 EDT 2020","Chelsea"
"2","7","Sat Aug 31 10:00:00 EDT 2019","Crystal Palace"
"3","7","Sat Sep 21 10:00:00 EDT 2019","Crystal Palace"
"2","7","Sat Sep 28 10:00:00 EDT 2019","Crystal Palace"
"4","7","Sun Oct 20 11:30:00 EDT 2019","Crystal Palace"
"3","7","Sat Nov 02 11:00:00 EDT 2019","Crystal Palace"
"4","7","Sat Nov 23 10:00:00 EST 2019","Crystal Palace"
"2","7","Wed Dec 04 15:00:00 EST 2019","Crystal Palace"
"2","7","Sat Dec 14 10:00:00 EST 2019","Crystal Palace"
"2","7","Thu Dec 26 10:00:00 EST 2019","Crystal Palace"
"4","7","Sat Jan 11 10:00:00 EST 2020","Crystal Palace"
"2","7","Wed Jan 22 15:00:00 EST 2020","Crystal Palace"
"2","7","Sat Feb 01 10:00:00 EST 2020","Crystal Palace"
"2","7","Sat Feb 22 10:00:00 EST 2020","Crystal Palace"
"3","7","Sat Mar 07 10:00:00 EST 2020","Crystal Palace"
"2","7","Sat Apr 04 10:00:00 EDT 2020","Crystal Palace"
"4","7","Sat Apr 18 10:00:00 EDT 2020","Crystal Palace"
"4","7","Sat May 02 10:00:00 EDT 2020","Crystal Palace"
"4","7","Sun May 17 10:00:00 EDT 2020","Crystal Palace"
"4","7","Sat Aug 24 10:00:00 EDT 2019","Crystal Palace"
"4","7","Sat Sep 14 10:00:00 EDT 2019","Crystal Palace"
"3","7","Sat Oct 05 12:30:00 EDT 2019","Crystal Palace"
"4","7","Sun Oct 27 12:30:00 EDT 2019","Crystal Palace"
"4","7","Sat Nov 09 10:00:00 EST 2019","Crystal Palace"
"2","7","Sat Nov 30 10:00:00 EST 2019","Crystal Palace"
"3","7","Sat Dec 07 10:00:00 EST 2019","Crystal Palace"
"3","7","Sat Dec 21 10:00:00 EST 2019","Crystal Palace"
"2","7","Sat Dec 28 10:00:00 EST 2019","Crystal Palace"
"2","7","Wed Jan 01 10:00:00 EST 2020","Crystal Palace"
"5","7","Sat Jan 18 10:00:00 EST 2020","Crystal Palace"
"4","7","Sat Feb 08 10:00:00 EST 2020","Crystal Palace"
"2","7","Sat Feb 29 10:00:00 EST 2020","Crystal Palace"
"3","7","Sat Mar 14 11:00:00 EDT 2020","Crystal Palace"
"5","7","Sat Mar 21 11:00:00 EDT 2020","Crystal Palace"
"3","7","Sat Apr 11 10:00:00 EDT 2020","Crystal Palace"
"2","7","Sat Apr 25 10:00:00 EDT 2020","Crystal Palace"
"3","7","Sat May 09 10:00:00 EDT 2020","Crystal Palace"
"3","8","Sun Sep 01 09:00:00 EDT 2019","Everton"
"2","8","Sat Sep 21 10:00:00 EDT 2019","Everton"
"4","8","Sun Sep 29 11:30:00 EDT 2019","Everton"
"2","8","Sat Oct 19 07:30:00 EDT 2019","Everton"
"4","8","Sat Nov 02 11:00:00 EDT 2019","Everton"
"2","8","Sat Nov 23 10:00:00 EST 2019","Everton"
"4","8","Sat Dec 07 10:00:00 EST 2019","Everton"
"4","8","Sat Dec 21 10:00:00 EST 2019","Everton"
"2","8","Thu Dec 26 10:00:00 EST 2019","Everton"
"2","8","Sat Jan 11 10:00:00 EST 2020","Everton"
"2","8","Tue Jan 21 14:45:00 EST 2020","Everton"
"3","8","Sat Feb 08 10:00:00 EST 2020","Everton"
"4","8","Sat Feb 29 10:00:00 EST 2020","Everton"
"4","8","Sat Mar 14 11:00:00 EDT 2020","Everton"
"3","8","Sat Apr 04 10:00:00 EDT 2020","Everton"
"2","8","Sat Apr 18 10:00:00 EDT 2020","Everton"
"2","8","Sat May 02 10:00:00 EDT 2020","Everton"
"2","8","Sun May 17 10:00:00 EDT 2020","Everton"
"2","8","Fri Aug 23 15:00:00 EDT 2019","Everton"
"3","8","Sun Sep 15 09:00:00 EDT 2019","Everton"
"2","8","Sat Oct 05 10:00:00 EDT 2019","Everton"
"2","8","Sat Oct 26 10:00:00 EDT 2019","Everton"
"2","8","Sat Nov 09 10:00:00 EST 2019","Everton"
"3","8","Sat Nov 30 10:00:00 EST 2019","Everton"
"5","8","Wed Dec 04 15:00:00 EST 2019","Everton"
"4","8","Sat Dec 14 10:00:00 EST 2019","Everton"
"3","8","Sat Dec 28 10:00:00 EST 2019","Everton"
"5","8","Wed Jan 01 10:00:00 EST 2020","Everton"
"3","8","Sat Jan 18 10:00:00 EST 2020","Everton"
"3","8","Sat Feb 01 10:00:00 EST 2020","Everton"
"4","8","Sat Feb 22 10:00:00 EST 2020","Everton"
"4","8","Sat Mar 07 10:00:00 EST 2020","Everton"
"2","8","Sat Mar 21 11:00:00 EDT 2020","Everton"
"4","8","Sat Apr 11 10:00:00 EDT 2020","Everton"
"3","8","Sat Apr 25 10:00:00 EDT 2020","Everton"
"2","8","Sat May 09 10:00:00 EDT 2020","Everton"
"2","9","Sat Aug 31 10:00:00 EDT 2019","Leicester"
"4","9","Sat Sep 21 07:30:00 EDT 2019","Leicester"
"2","9","Sat Sep 28 12:30:00 EDT 2019","Leicester"
"2","9","Sat Oct 19 10:00:00 EDT 2019","Leicester"
"4","9","Sun Nov 10 10:00:00 EST 2019","Leicester"
"2","9","Sat Nov 30 10:00:00 EST 2019","Leicester"
"3","9","Tue Dec 03 14:45:00 EST 2019","Leicester"
"2","9","Sat Dec 14 10:00:00 EST 2019","Leicester"
"4","9","Thu Dec 26 10:00:00 EST 2019","Leicester"
"2","9","Sat Jan 11 10:00:00 EST 2020","Leicester"
"2","9","Tue Jan 21 14:45:00 EST 2020","Leicester"
"4","9","Sat Feb 01 10:00:00 EST 2020","Leicester"
"4","9","Sat Feb 22 10:00:00 EST 2020","Leicester"
"2","9","Sat Mar 07 10:00:00 EST 2020","Leicester"
"2","9","Sat Mar 21 11:00:00 EDT 2020","Leicester"
"3","9","Sat Apr 11 10:00:00 EDT 2020","Leicester"
"2","9","Sat May 02 10:00:00 EDT 2020","Leicester"
"4","9","Sun May 17 10:00:00 EDT 2020","Leicester"
"2","9","Sat Aug 24 10:00:00 EDT 2019","Leicester"
"4","9","Sat Sep 14 10:00:00 EDT 2019","Leicester"
"5","9","Sat Oct 05 10:00:00 EDT 2019","Leicester"
"2","9","Fri Oct 25 15:00:00 EDT 2019","Leicester"
"2","9","Sat Nov 02 11:00:00 EDT 2019","Leicester"
"2","9","Sat Nov 23 10:00:00 EST 2019","Leicester"
"2","9","Sat Dec 07 10:00:00 EST 2019","Leicester"
"5","9","Sat Dec 21 10:00:00 EST 2019","Leicester"
"3","9","Sat Dec 28 10:00:00 EST 2019","Leicester"
"3","9","Wed Jan 01 10:00:00 EST 2020","Leicester"
"2","9","Sat Jan 18 10:00:00 EST 2020","Leicester"
"3","9","Sat Feb 08 10:00:00 EST 2020","Leicester"
"2","9","Sat Feb 29 10:00:00 EST 2020","Leicester"
"3","9","Sat Mar 14 11:00:00 EDT 2020","Leicester"
"4","9","Sat Apr 04 10:00:00 EDT 2020","Leicester"
"4","9","Sat Apr 18 10:00:00 EDT 2020","Leicester"
"3","9","Sat Apr 25 10:00:00 EDT 2020","Leicester"
"4","9","Sat May 09 10:00:00 EDT 2020","Leicester"
"4","10","Sat Aug 24 12:30:00 EDT 2019","Liverpool"
"2","10","Sat Sep 14 07:30:00 EDT 2019","Liverpool"
"3","10","Sat Oct 05 10:00:00 EDT 2019","Liverpool"
"4","10","Sun Oct 27 12:30:00 EDT 2019","Liverpool"
"4","10","Sat Nov 09 10:00:00 EST 2019","Liverpool"
"2","10","Sat Nov 30 10:00:00 EST 2019","Liverpool"
"2","10","Wed Dec 04 15:00:00 EST 2019","Liverpool"
"3","10","Sat Dec 14 10:00:00 EST 2019","Liverpool"
"3","10","Sat Dec 28 10:00:00 EST 2019","Liverpool"
"2","10","Wed Jan 01 10:00:00 EST 2020","Liverpool"
"4","10","Sat Jan 18 10:00:00 EST 2020","Liverpool"
"2","10","Sat Feb 01 10:00:00 EST 2020","Liverpool"
"2","10","Sat Feb 22 10:00:00 EST 2020","Liverpool"
"2","10","Sat Mar 07 10:00:00 EST 2020","Liverpool"
"3","10","Sat Mar 21 11:00:00 EDT 2020","Liverpool"
"2","10","Sat Apr 11 10:00:00 EDT 2020","Liverpool"
"2","10","Sat Apr 25 10:00:00 EDT 2020","Liverpool"
"4","10","Sat May 09 10:00:00 EDT 2020","Liverpool"
"2","10","Sat Aug 31 12:30:00 EDT 2019","Liverpool"
"4","10","Sun Sep 22 11:30:00 EDT 2019","Liverpool"
"2","10","Sat Sep 28 07:30:00 EDT 2019","Liverpool"
"4","10","Sat Oct 19 12:30:00 EDT 2019","Liverpool"
"2","10","Sat Nov 02 11:00:00 EDT 2019","Liverpool"
"2","10","Sat Nov 23 10:00:00 EST 2019","Liverpool"
"3","10","Sat Dec 07 10:00:00 EST 2019","Liverpool"
"3","10","Sat Dec 21 10:00:00 EST 2019","Liverpool"
"3","10","Thu Dec 26 10:00:00 EST 2019","Liverpool"
"4","10","Sat Jan 11 10:00:00 EST 2020","Liverpool"
"3","10","Tue Jan 21 14:45:00 EST 2020","Liverpool"
"2","10","Sat Feb 08 10:00:00 EST 2020","Liverpool"
"3","10","Sat Feb 29 10:00:00 EST 2020","Liverpool"
"4","10","Sat Mar 14 11:00:00 EDT 2020","Liverpool"
"5","10","Sat Apr 04 10:00:00 EDT 2020","Liverpool"
"2","10","Sat Apr 18 10:00:00 EDT 2020","Liverpool"
"4","10","Sat May 02 10:00:00 EDT 2020","Liverpool"
"3","10","Sun May 17 10:00:00 EDT 2020","Liverpool"
"2","11","Sat Aug 31 10:00:00 EDT 2019","Man City"
"3","11","Sat Sep 21 10:00:00 EDT 2019","Man City"
"3","11","Sat Oct 05 10:00:00 EDT 2019","Man City"
"2","11","Sat Oct 26 07:30:00 EDT 2019","Man City"
"2","11","Sat Nov 02 11:00:00 EDT 2019","Man City"
"4","11","Sat Nov 23 10:00:00 EST 2019","Man City"
"4","11","Sat Dec 07 10:00:00 EST 2019","Man City"
"3","11","Sat Dec 21 10:00:00 EST 2019","Man City"
"2","11","Sat Dec 28 10:00:00 EST 2019","Man City"
"2","11","Wed Jan 01 10:00:00 EST 2020","Man City"
"3","11","Sat Jan 18 10:00:00 EST 2020","Man City"
"2","11","Sat Feb 08 10:00:00 EST 2020","Man City"
"4","11","Sat Feb 29 10:00:00 EST 2020","Man City"
"2","11","Sat Mar 14 11:00:00 EDT 2020","Man City"
"4","11","Sat Apr 04 10:00:00 EDT 2020","Man City"
"2","11","Sat Apr 18 10:00:00 EDT 2020","Man City"
"2","11","Sat May 02 10:00:00 EDT 2020","Man City"
"2","11","Sun May 17 10:00:00 EDT 2020","Man City"
"3","11","Sun Aug 25 09:00:00 EDT 2019","Man City"
"2","11","Sat Sep 14 12:30:00 EDT 2019","Man City"
"4","11","Sun Sep 29 11:30:00 EDT 2019","Man City"
"2","11","Sun Oct 20 11:30:00 EDT 2019","Man City"
"5","11","Sat Nov 09 10:00:00 EST 2019","Man City"
"3","11","Sat Nov 30 10:00:00 EST 2019","Man City"
"2","11","Tue Dec 03 14:45:00 EST 2019","Man City"
"4","11","Sat Dec 14 10:00:00 EST 2019","Man City"
"3","11","Thu Dec 26 10:00:00 EST 2019","Man City"
"2","11","Sat Jan 11 10:00:00 EST 2020","Man City"
"2","11","Tue Jan 21 14:45:00 EST 2020","Man City"
"4","11","Sat Feb 01 10:00:00 EST 2020","Man City"
"3","11","Sat Feb 22 10:00:00 EST 2020","Man City"
"4","11","Sat Mar 07 10:00:00 EST 2020","Man City"
"4","11","Sat Mar 21 11:00:00 EDT 2020","Man City"
"2","11","Sat Apr 11 10:00:00 EDT 2020","Man City"
"2","11","Sat Apr 25 10:00:00 EDT 2020","Man City"
"3","11","Sat May 09 10:00:00 EDT 2020","Man City"
"3","12","Sat Aug 24 10:00:00 EDT 2019","Man Utd"
"3","12","Sat Sep 14 10:00:00 EDT 2019","Man Utd"
"4","12","Mon Sep 30 15:00:00 EDT 2019","Man Utd"
"4","12","Sat Oct 19 12:30:00 EDT 2019","Man Utd"
"2","12","Sun Nov 10 10:00:00 EST 2019","Man Utd"
"2","12","Sun Dec 01 10:00:00 EST 2019","Man Utd"
"4","12","Tue Dec 03 15:00:00 EST 2019","Man Utd"
"2","12","Sat Dec 14 10:00:00 EST 2019","Man Utd"
"2","12","Thu Dec 26 10:00:00 EST 2019","Man Utd"
"2","12","Sat Jan 11 10:00:00 EST 2020","Man Utd"
"2","12","Tue Jan 21 15:00:00 EST 2020","Man Utd"
"3","12","Sat Feb 01 10:00:00 EST 2020","Man Utd"
"3","12","Sat Feb 22 10:00:00 EST 2020","Man Utd"
"4","12","Sat Mar 07 10:00:00 EST 2020","Man Utd"
"2","12","Sat Mar 21 11:00:00 EDT 2020","Man Utd"
"2","12","Sat Apr 11 10:00:00 EDT 2020","Man Utd"
"2","12","Sat Apr 25 10:00:00 EDT 2020","Man Utd"
"2","12","Sat May 09 10:00:00 EDT 2020","Man Utd"
"2","12","Sat Aug 31 07:30:00 EDT 2019","Man Utd"
"3","12","Sun Sep 22 09:00:00 EDT 2019","Man Utd"
"3","12","Sun Oct 06 11:30:00 EDT 2019","Man Utd"
"2","12","Sun Oct 27 12:30:00 EDT 2019","Man Utd"
"3","12","Sat Nov 02 11:00:00 EDT 2019","Man Utd"
"2","12","Sat Nov 23 10:00:00 EST 2019","Man Utd"
"5","12","Sat Dec 07 10:00:00 EST 2019","Man Utd"
"3","12","Sat Dec 21 10:00:00 EST 2019","Man Utd"
"2","12","Sat Dec 28 10:00:00 EST 2019","Man Utd"
"4","12","Wed Jan 01 10:00:00 EST 2020","Man Utd"
"5","12","Sat Jan 18 10:00:00 EST 2020","Man Utd"
"4","12","Sat Feb 08 10:00:00 EST 2020","Man Utd"
"4","12","Sat Feb 29 10:00:00 EST 2020","Man Utd"
"4","12","Sat Mar 14 11:00:00 EDT 2020","Man Utd"
"2","12","Sat Apr 04 10:00:00 EDT 2020","Man Utd"
"2","12","Sat Apr 18 10:00:00 EDT 2020","Man Utd"
"2","12","Sat May 02 10:00:00 EDT 2020","Man Utd"
"3","12","Sun May 17 10:00:00 EDT 2020","Man Utd"
"3","13","Sat Aug 31 10:00:00 EDT 2019","Newcastle"
"2","13","Sat Sep 21 12:30:00 EDT 2019","Newcastle"
"4","13","Sun Oct 06 11:30:00 EDT 2019","Newcastle"
"3","13","Sun Oct 27 10:00:00 EDT 2019","Newcastle"
"2","13","Sat Nov 09 10:00:00 EST 2019","Newcastle"
"4","13","Sat Nov 30 10:00:00 EST 2019","Newcastle"
"2","13","Sat Dec 07 10:00:00 EST 2019","Newcastle"
"3","13","Sat Dec 21 10:00:00 EST 2019","Newcastle"
"2","13","Sat Dec 28 10:00:00 EST 2019","Newcastle"
"3","13","Wed Jan 01 10:00:00 EST 2020","Newcastle"
"4","13","Sat Jan 18 10:00:00 EST 2020","Newcastle"
"2","13","Sat Feb 01 10:00:00 EST 2020","Newcastle"
"2","13","Sat Feb 29 10:00:00 EST 2020","Newcastle"
"2","13","Sat Mar 14 11:00:00 EDT 2020","Newcastle"
"2","13","Sat Mar 21 11:00:00 EDT 2020","Newcastle"
"2","13","Sat Apr 11 10:00:00 EDT 2020","Newcastle"
"4","13","Sat May 02 10:00:00 EDT 2020","Newcastle"
"4","13","Sun May 17 10:00:00 EDT 2020","Newcastle"
"4","13","Sun Aug 25 11:30:00 EDT 2019","Newcastle"
"5","13","Sat Sep 14 07:30:00 EDT 2019","Newcastle"
"3","13","Sat Sep 28 12:30:00 EDT 2019","Newcastle"
"4","13","Sat Oct 19 10:00:00 EDT 2019","Newcastle"
"3","13","Sat Nov 02 11:00:00 EDT 2019","Newcastle"
"2","13","Sat Nov 23 10:00:00 EST 2019","Newcastle"
"2","13","Tue Dec 03 14:45:00 EST 2019","Newcastle"
"2","13","Sat Dec 14 10:00:00 EST 2019","Newcastle"
"4","13","Thu Dec 26 10:00:00 EST 2019","Newcastle"
"3","13","Sat Jan 11 10:00:00 EST 2020","Newcastle"
"4","13","Tue Jan 21 14:45:00 EST 2020","Newcastle"
"4","13","Sat Feb 08 10:00:00 EST 2020","Newcastle"
"2","13","Sat Feb 22 10:00:00 EST 2020","Newcastle"
"2","13","Sat Mar 07 10:00:00 EST 2020","Newcastle"
"3","13","Sat Apr 04 10:00:00 EDT 2020","Newcastle"
"5","13","Sat Apr 18 10:00:00 EDT 2020","Newcastle"
"3","13","Sat Apr 25 10:00:00 EDT 2020","Newcastle"
"2","13","Sat May 09 10:00:00 EDT 2020","Newcastle"
"4","14","Sat Aug 24 07:30:00 EDT 2019","Norwich"
"4","14","Sat Sep 14 12:30:00 EDT 2019","Norwich"
"2","14","Sat Oct 05 10:00:00 EDT 2019","Norwich"
"4","14","Sun Oct 27 12:30:00 EDT 2019","Norwich"
"3","14","Sat Nov 09 10:00:00 EST 2019","Norwich"
"4","14","Sun Dec 01 10:00:00 EST 2019","Norwich"
"2","14","Sat Dec 07 10:00:00 EST 2019","Norwich"
"3","14","Sat Dec 21 10:00:00 EST 2019","Norwich"
"4","14","Sat Dec 28 10:00:00 EST 2019","Norwich"
"3","14","Wed Jan 01 10:00:00 EST 2020","Norwich"
"2","14","Sat Jan 18 10:00:00 EST 2020","Norwich"
"4","14","Sat Feb 08 10:00:00 EST 2020","Norwich"
"3","14","Sat Feb 29 10:00:00 EST 2020","Norwich"
"2","14","Sat Mar 14 11:00:00 EDT 2020","Norwich"
"2","14","Sat Mar 21 11:00:00 EDT 2020","Norwich"
"2","14","Sat Apr 11 10:00:00 EDT 2020","Norwich"
"2","14","Sat Apr 25 10:00:00 EDT 2020","Norwich"
"2","14","Sat May 09 10:00:00 EDT 2020","Norwich"
"3","14","Sat Aug 31 10:00:00 EDT 2019","Norwich"
"2","14","Sat Sep 21 10:00:00 EDT 2019","Norwich"
"2","14","Sat Sep 28 10:00:00 EDT 2019","Norwich"
"3","14","Sat Oct 19 10:00:00 EDT 2019","Norwich"
"2","14","Sat Nov 02 11:00:00 EDT 2019","Norwich"
"4","14","Sat Nov 23 10:00:00 EST 2019","Norwich"
"2","14","Wed Dec 04 14:45:00 EST 2019","Norwich"
"3","14","Sat Dec 14 10:00:00 EST 2019","Norwich"
"2","14","Thu Dec 26 10:00:00 EST 2019","Norwich"
"4","14","Sat Jan 11 10:00:00 EST 2020","Norwich"
"4","14","Wed Jan 22 14:45:00 EST 2020","Norwich"
"3","14","Sat Feb 01 10:00:00 EST 2020","Norwich"
"3","14","Sat Feb 22 10:00:00 EST 2020","Norwich"
"2","14","Sat Mar 07 10:00:00 EST 2020","Norwich"
"4","14","Sat Apr 04 10:00:00 EDT 2020","Norwich"
"3","14","Sat Apr 18 10:00:00 EDT 2020","Norwich"
"4","14","Sat May 02 10:00:00 EDT 2020","Norwich"
"5","14","Sun May 17 10:00:00 EDT 2020","Norwich"
"3","15","Sat Aug 24 10:00:00 EDT 2019","Sheffield Utd"
"2","15","Sat Sep 14 10:00:00 EDT 2019","Sheffield Utd"
"4","15","Sat Sep 28 07:30:00 EDT 2019","Sheffield Utd"
"4","15","Mon Oct 21 15:00:00 EDT 2019","Sheffield Utd"
"2","15","Sat Nov 02 11:00:00 EDT 2019","Sheffield Utd"
"4","15","Sat Nov 23 10:00:00 EST 2019","Sheffield Utd"
"2","15","Tue Dec 03 14:45:00 EST 2019","Sheffield Utd"
"2","15","Sat Dec 14 10:00:00 EST 2019","Sheffield Utd"
"3","15","Thu Dec 26 10:00:00 EST 2019","Sheffield Utd"
"2","15","Sat Jan 11 10:00:00 EST 2020","Sheffield Utd"
"4","15","Tue Jan 21 14:45:00 EST 2020","Sheffield Utd"
"2","15","Sat Feb 08 10:00:00 EST 2020","Sheffield Utd"
"2","15","Sat Feb 22 10:00:00 EST 2020","Sheffield Utd"
"2","15","Sat Mar 07 10:00:00 EST 2020","Sheffield Utd"
"4","15","Sat Apr 04 10:00:00 EDT 2020","Sheffield Utd"
"3","15","Sat Apr 18 10:00:00 EDT 2020","Sheffield Utd"
"4","15","Sat Apr 25 10:00:00 EDT 2020","Sheffield Utd"
"2","15","Sat May 09 10:00:00 EDT 2020","Sheffield Utd"
"4","15","Sat Aug 31 10:00:00 EDT 2019","Sheffield Utd"
"4","15","Sat Sep 21 10:00:00 EDT 2019","Sheffield Utd"
"3","15","Sat Oct 05 10:00:00 EDT 2019","Sheffield Utd"
"3","15","Sat Oct 26 10:00:00 EDT 2019","Sheffield Utd"
"4","15","Sat Nov 09 10:00:00 EST 2019","Sheffield Utd"
"3","15","Sat Nov 30 10:00:00 EST 2019","Sheffield Utd"
"2","15","Sat Dec 07 10:00:00 EST 2019","Sheffield Utd"
"2","15","Sat Dec 21 10:00:00 EST 2019","Sheffield Utd"
"5","15","Sat Dec 28 10:00:00 EST 2019","Sheffield Utd"
"5","15","Wed Jan 01 10:00:00 EST 2020","Sheffield Utd"
"4","15","Sat Jan 18 10:00:00 EST 2020","Sheffield Utd"
"2","15","Sat Feb 01 10:00:00 EST 2020","Sheffield Utd"
"2","15","Sat Feb 29 10:00:00 EST 2020","Sheffield Utd"
"3","15","Sat Mar 14 11:00:00 EDT 2020","Sheffield Utd"
"4","15","Sat Mar 21 11:00:00 EDT 2020","Sheffield Utd"
"2","15","Sat Apr 11 10:00:00 EDT 2020","Sheffield Utd"
"3","15","Sat May 02 10:00:00 EDT 2020","Sheffield Utd"
"2","15","Sun May 17 10:00:00 EDT 2020","Sheffield Utd"
"4","16","Sat Aug 31 07:30:00 EDT 2019","Southampton"
"2","16","Fri Sep 20 15:00:00 EDT 2019","Southampton"
"4","16","Sun Oct 06 09:00:00 EDT 2019","Southampton"
"3","16","Fri Oct 25 15:00:00 EDT 2019","Southampton"
"2","16","Sat Nov 09 10:00:00 EST 2019","Southampton"
"3","16","Sat Nov 30 10:00:00 EST 2019","Southampton"
"2","16","Wed Dec 04 14:45:00 EST 2019","Southampton"
"2","16","Sat Dec 14 10:00:00 EST 2019","Southampton"
"3","16","Sat Dec 28 10:00:00 EST 2019","Southampton"
"4","16","Wed Jan 01 10:00:00 EST 2020","Southampton"
"3","16","Sat Jan 18 10:00:00 EST 2020","Southampton"
"2","16","Sat Feb 08 10:00:00 EST 2020","Southampton"
"2","16","Sat Feb 22 10:00:00 EST 2020","Southampton"
"2","16","Sat Mar 07 10:00:00 EST 2020","Southampton"
"4","16","Sat Mar 21 11:00:00 EDT 2020","Southampton"
"4","16","Sat Apr 11 10:00:00 EDT 2020","Southampton"
"2","16","Sat May 02 10:00:00 EDT 2020","Southampton"
"2","16","Sun May 17 10:00:00 EDT 2020","Southampton"
"2","16","Sat Aug 24 10:00:00 EDT 2019","Southampton"
"2","16","Sat Sep 14 10:00:00 EDT 2019","Southampton"
"4","16","Sat Sep 28 10:00:00 EDT 2019","Southampton"
"3","16","Sat Oct 19 10:00:00 EDT 2019","Southampton"
"5","16","Sat Nov 02 11:00:00 EDT 2019","Southampton"
"4","16","Sat Nov 23 10:00:00 EST 2019","Southampton"
"3","16","Sat Dec 07 10:00:00 EST 2019","Southampton"
"2","16","Sat Dec 21 10:00:00 EST 2019","Southampton"
"4","16","Thu Dec 26 10:00:00 EST 2019","Southampton"
"3","16","Sat Jan 11 10:00:00 EST 2020","Southampton"
"2","16","Wed Jan 22 15:00:00 EST 2020","Southampton"
"5","16","Sat Feb 01 10:00:00 EST 2020","Southampton"
"3","16","Sat Feb 29 10:00:00 EST 2020","Southampton"
"2","16","Sat Mar 14 11:00:00 EDT 2020","Southampton"
"3","16","Sat Apr 04 10:00:00 EDT 2020","Southampton"
"4","16","Sat Apr 18 10:00:00 EDT 2020","Southampton"
"4","16","Sat Apr 25 10:00:00 EDT 2020","Southampton"
"3","16","Sat May 09 10:00:00 EDT 2020","Southampton"
"2","17","Sun Aug 25 11:30:00 EDT 2019","Spurs"
"3","17","Sat Sep 14 10:00:00 EDT 2019","Spurs"
"2","17","Sat Sep 28 10:00:00 EDT 2019","Spurs"
"3","17","Sat Oct 19 10:00:00 EDT 2019","Spurs"
"2","17","Sat Nov 09 10:00:00 EST 2019","Spurs"
"2","17","Sat Nov 30 10:00:00 EST 2019","Spurs"
"2","17","Sat Dec 07 10:00:00 EST 2019","Spurs"
"4","17","Sat Dec 21 10:00:00 EST 2019","Spurs"
"2","17","Thu Dec 26 10:00:00 EST 2019","Spurs"
"4","17","Sat Jan 11 10:00:00 EST 2020","Spurs"
"2","17","Wed Jan 22 14:45:00 EST 2020","Spurs"
"4","17","Sat Feb 01 10:00:00 EST 2020","Spurs"
"3","17","Sat Feb 29 10:00:00 EST 2020","Spurs"
"4","17","Sat Mar 14 11:00:00 EDT 2020","Spurs"
"2","17","Sat Mar 21 11:00:00 EDT 2020","Spurs"
"2","17","Sat Apr 11 10:00:00 EDT 2020","Spurs"
"4","17","Sat Apr 25 10:00:00 EDT 2020","Spurs"
"3","17","Sat May 09 10:00:00 EDT 2020","Spurs"
"4","17","Sun Sep 01 11:30:00 EDT 2019","Spurs"
"3","17","Sat Sep 21 07:30:00 EDT 2019","Spurs"
"2","17","Sat Oct 05 07:30:00 EDT 2019","Spurs"
"5","17","Sun Oct 27 12:30:00 EDT 2019","Spurs"
"4","17","Sat Nov 02 11:00:00 EDT 2019","Spurs"
"3","17","Sat Nov 23 10:00:00 EST 2019","Spurs"
"4","17","Tue Dec 03 15:00:00 EST 2019","Spurs"
"3","17","Sat Dec 14 10:00:00 EST 2019","Spurs"
"2","17","Sat Dec 28 10:00:00 EST 2019","Spurs"
"2","17","Wed Jan 01 10:00:00 EST 2020","Spurs"
"3","17","Sat Jan 18 10:00:00 EST 2020","Spurs"
"2","17","Sat Feb 08 10:00:00 EST 2020","Spurs"
"4","17","Sat Feb 22 10:00:00 EST 2020","Spurs"
"2","17","Sat Mar 07 10:00:00 EST 2020","Spurs"
"2","17","Sat Apr 04 10:00:00 EDT 2020","Spurs"
"3","17","Sat Apr 18 10:00:00 EDT 2020","Spurs"
"3","17","Sat May 02 10:00:00 EDT 2020","Spurs"
"2","17","Sun May 17 10:00:00 EDT 2020","Spurs"
"2","18","Sat Aug 24 10:00:00 EDT 2019","Watford"
"4","18","Sun Sep 15 11:30:00 EDT 2019","Watford"
"2","18","Sat Oct 05 10:00:00 EDT 2019","Watford"
"2","18","Sat Oct 26 10:00:00 EDT 2019","Watford"
"4","18","Sat Nov 02 11:00:00 EDT 2019","Watford"
"2","18","Sat Nov 23 10:00:00 EST 2019","Watford"
"3","18","Sat Dec 07 10:00:00 EST 2019","Watford"
"4","18","Sat Dec 21 10:00:00 EST 2019","Watford"
"2","18","Sat Dec 28 10:00:00 EST 2019","Watford"
"3","18","Wed Jan 01 10:00:00 EST 2020","Watford"
"4","18","Sat Jan 18 10:00:00 EST 2020","Watford"
"2","18","Sat Feb 01 10:00:00 EST 2020","Watford"
"4","18","Sat Feb 29 10:00:00 EST 2020","Watford"
"3","18","Sat Mar 14 11:00:00 EDT 2020","Watford"
"2","18","Sat Apr 04 10:00:00 EDT 2020","Watford"
"2","18","Sat Apr 18 10:00:00 EDT 2020","Watford"
"2","18","Sat Apr 25 10:00:00 EDT 2020","Watford"
"4","18","Sat May 09 10:00:00 EDT 2020","Watford"
"3","18","Sat Aug 31 10:00:00 EDT 2019","Watford"
"5","18","Sat Sep 21 10:00:00 EDT 2019","Watford"
"3","18","Sat Sep 28 10:00:00 EDT 2019","Watford"
"4","18","Sat Oct 19 10:00:00 EDT 2019","Watford"
"2","18","Sat Nov 09 10:00:00 EST 2019","Watford"
"2","18","Sat Nov 30 10:00:00 EST 2019","Watford"
"3","18","Tue Dec 03 14:45:00 EST 2019","Watford"
"5","18","Sat Dec 14 10:00:00 EST 2019","Watford"
"2","18","Thu Dec 26 10:00:00 EST 2019","Watford"
"3","18","Sat Jan 11 10:00:00 EST 2020","Watford"
"2","18","Tue Jan 21 14:45:00 EST 2020","Watford"
"2","18","Sat Feb 08 10:00:00 EST 2020","Watford"
"4","18","Sat Feb 22 10:00:00 EST 2020","Watford"
"2","18","Sat Mar 07 10:00:00 EST 2020","Watford"
"2","18","Sat Mar 21 11:00:00 EDT 2020","Watford"
"4","18","Sat Apr 11 10:00:00 EDT 2020","Watford"
"3","18","Sat May 02 10:00:00 EDT 2020","Watford"
"4","18","Sun May 17 10:00:00 EDT 2020","Watford"
"2","19","Sat Aug 31 10:00:00 EDT 2019","West Ham"
"4","19","Sun Sep 22 09:00:00 EDT 2019","West Ham"
"3","19","Sat Oct 05 12:30:00 EDT 2019","West Ham"
"2","19","Sat Oct 26 10:00:00 EDT 2019","West Ham"
"2","19","Sat Nov 02 11:00:00 EDT 2019","West Ham"
"4","19","Sat Nov 23 10:00:00 EST 2019","West Ham"
"4","19","Sat Dec 07 10:00:00 EST 2019","West Ham"
"4","19","Sat Dec 21 10:00:00 EST 2019","West Ham"
"3","19","Sat Dec 28 10:00:00 EST 2019","West Ham"
"2","19","Wed Jan 01 10:00:00 EST 2020","West Ham"
"2","19","Sat Jan 18 10:00:00 EST 2020","West Ham"
"2","19","Sat Feb 01 10:00:00 EST 2020","West Ham"
"2","19","Sat Feb 29 10:00:00 EST 2020","West Ham"
"3","19","Sat Mar 14 11:00:00 EDT 2020","West Ham"
"4","19","Sat Apr 04 10:00:00 EDT 2020","West Ham"
"2","19","Sat Apr 18 10:00:00 EDT 2020","West Ham"
"3","19","Sat May 02 10:00:00 EDT 2020","West Ham"
"2","19","Sun May 17 10:00:00 EDT 2020","West Ham"
"3","19","Sat Aug 24 10:00:00 EDT 2019","West Ham"
"2","19","Mon Sep 16 15:00:00 EDT 2019","West Ham"
"3","19","Sat Sep 28 10:00:00 EDT 2019","West Ham"
"4","19","Sat Oct 19 07:30:00 EDT 2019","West Ham"
"2","19","Sat Nov 09 10:00:00 EST 2019","West Ham"
"4","19","Sat Nov 30 10:00:00 EST 2019","West Ham"
"3","19","Tue Dec 03 14:45:00 EST 2019","West Ham"
"2","19","Sat Dec 14 10:00:00 EST 2019","West Ham"
"2","19","Thu Dec 26 10:00:00 EST 2019","West Ham"
"2","19","Sat Jan 11 10:00:00 EST 2020","West Ham"
"3","19","Tue Jan 21 14:45:00 EST 2020","West Ham"
"5","19","Sat Feb 08 10:00:00 EST 2020","West Ham"
"5","19","Sat Feb 22 10:00:00 EST 2020","West Ham"
"4","19","Sat Mar 07 10:00:00 EST 2020","West Ham"
"4","19","Sat Mar 21 11:00:00 EDT 2020","West Ham"
"3","19","Sat Apr 11 10:00:00 EDT 2020","West Ham"
"2","19","Sat Apr 25 10:00:00 EDT 2020","West Ham"
"4","19","Sat May 09 10:00:00 EDT 2020","West Ham"
"2","20","Sun Aug 25 11:30:00 EDT 2019","Wolves"
"4","20","Sat Sep 14 10:00:00 EDT 2019","Wolves"
"3","20","Sat Sep 28 10:00:00 EDT 2019","Wolves"
"2","20","Sat Oct 19 10:00:00 EDT 2019","Wolves"
"2","20","Sat Nov 09 10:00:00 EST 2019","Wolves"
"2","20","Sat Nov 30 10:00:00 EST 2019","Wolves"
"2","20","Tue Dec 03 14:45:00 EST 2019","Wolves"
"4","20","Sat Dec 14 10:00:00 EST 2019","Wolves"
"4","20","Thu Dec 26 10:00:00 EST 2019","Wolves"
"2","20","Sat Jan 11 10:00:00 EST 2020","Wolves"
"4","20","Tue Jan 21 14:45:00 EST 2020","Wolves"
"3","20","Sat Feb 08 10:00:00 EST 2020","Wolves"
"2","20","Sat Feb 22 10:00:00 EST 2020","Wolves"
"2","20","Sat Mar 07 10:00:00 EST 2020","Wolves"
"2","20","Sat Mar 21 11:00:00 EDT 2020","Wolves"
"4","20","Sat Apr 11 10:00:00 EDT 2020","Wolves"
"2","20","Sat Apr 25 10:00:00 EDT 2020","Wolves"
"3","20","Sat May 09 10:00:00 EDT 2020","Wolves"
"4","20","Sun Sep 01 09:00:00 EDT 2019","Wolves"
"2","20","Sat Sep 21 10:00:00 EDT 2019","Wolves"
"5","20","Sat Oct 05 10:00:00 EDT 2019","Wolves"
"3","20","Sun Oct 27 10:00:00 EDT 2019","Wolves"
"4","20","Sat Nov 02 11:00:00 EDT 2019","Wolves"
"3","20","Sat Nov 23 10:00:00 EST 2019","Wolves"
"2","20","Sat Dec 07 10:00:00 EST 2019","Wolves"
"2","20","Sat Dec 21 10:00:00 EST 2019","Wolves"
"5","20","Sat Dec 28 10:00:00 EST 2019","Wolves"
"3","20","Wed Jan 01 10:00:00 EST 2020","Wolves"
"2","20","Sat Jan 18 10:00:00 EST 2020","Wolves"
"4","20","Sat Feb 01 10:00:00 EST 2020","Wolves"
"4","20","Sat Feb 29 10:00:00 EST 2020","Wolves"
"3","20","Sat Mar 14 11:00:00 EDT 2020","Wolves"
"2","20","Sat Apr 04 10:00:00 EDT 2020","Wolves"
"2","20","Sat Apr 18 10:00:00 EDT 2020","Wolves"
"2","20","Sat May 02 10:00:00 EDT 2020","Wolves"
"4","20","Sun May 17 10:00:00 EDT 2020","Wolves"
